{
  "height": 320,
  "width": 800.48632218844989,
  "x": 386.13981762917933,
  "y": 366.68693009118545,
  "z": 1
}