{
  "height": 490.21276595744683,
  "width": 847.17325227963534,
  "x": 0,
  "y": 0,
  "z": 0
}