{
  "height": 507.72036474164133,
  "width": 1139.9392097264438,
  "x": 50.577507598784194,
  "y": 125.47112462006079,
  "z": 0
}