{
  "height": 621.51975683890578,
  "width": 671.12462006079033,
  "x": 0,
  "y": 0,
  "z": 0
}