{
  "height": 378.35866261398178,
  "width": 569.96960486322189,
  "x": 0,
  "y": 0,
  "z": 0
}