{
  "height": 719.75683890577511,
  "width": 569.96960486322189,
  "x": 702.24924012158056,
  "y": 0,
  "z": 1000
}