{
  "height": 378.35866261398178,
  "width": 569.96960486322189,
  "x": 580.66869300911856,
  "y": 0,
  "z": 1
}